{"project_info":{"project_id":"salesman-1d6e","project_number":"204961684651","name":"Salesman"},"client":[{"client_info":{"client_id":"android:cmpe295.sjsu.edu.salesman","client_type":1,"android_client_info":{"package_name":"cmpe295.sjsu.edu.salesman"}},"oauth_client":[{"client_id":"204961684651-eo4j2cg7q5k1uh9n74nss1cc8u893u58.apps.googleusercontent.com","client_type":1,"android_info":{"package_name":"cmpe295.sjsu.edu.salesman","certificate_hash":"6438aff85f4b49c976f00ed940fbd318b182586d"}}],"services":{"analytics_service":{"status":1},"cloud_messaging_service":{"status":1,"apns_config":[]},"appinvite_service":{"status":1,"other_platform_oauth_client":[]},"google_signin_service":{"status":2},"ads_service":{"status":1}}}]}